Frame Number, Timestamp
158, 156125536.593400
163, 156125536.676000
167, 156125536.702700
169, 156125536.730500
173, 156125536.744000
177, 156125536.756000
179, 156125536.784900
549, 156125539.167900
553, 156125555.307900
554, 156125563.786100
560, 156125590.026100
563, 156125607.086200
565, 156125614.949400
567, 156125627.721200
573, 156125655.436600
576, 156125673.089100
0, 156125681.499600
3, 156125694.746500
6, 156125712.636300
9, 156125727.959800
15, 156125757.123500
18, 156125773.192100
21, 156125788.707900
25, 156125806.396000
28, 156125821.752700
31, 156125838.633200
33, 156125846.473200
38, 156125873.874800
42, 156125889.936700
45, 156125906.521500
48, 156125923.057600
51, 156125938.617400
55, 156125955.380000
58, 156125971.952600
62, 156125989.857700
65, 156126006.725100
68, 156126022.778900
71, 156126038.957200
75, 156126055.372300
76, 156126063.186800
79, 156126079.219500
83, 156126095.842000
86, 156126112.825600
89, 156126129.130500
93, 156126146.770900
98, 156126173.022800
102, 156126190.799100
105, 156126206.701500
108, 156126223.210500
109, 156126229.564400
115, 156126256.441900
118, 156126273.288900
120, 156126280.067100
125, 156126306.606800
128, 156126323.164300
129, 156126329.544300
135, 156126356.688800
138, 156126373.176000
140, 156126379.906400
145, 156126406.452900
152, 156126440.798200
153, 156126447.855400
155, 156126455.526300
158, 156126471.955900
161, 156126489.132200
163, 156126498.618000
168, 156126521.946400
171, 156126538.564400
175, 156126556.419100
178, 156126572.852600
182, 156126589.769700
185, 156126606.690100
188, 156126623.208100
189, 156126629.502600
195, 156126656.722500
198, 156126673.628900
200, 156126681.166100
205, 156126705.485800
208, 156126723.353100
210, 156126732.561500
215, 156126756.760800
218, 156126772.690800
221, 156126788.955100
223, 156126797.017400
228, 156126823.108200
232, 156126840.427300
233, 156126848.384300
238, 156126871.963600
242, 156126890.326000
245, 156126905.340300
248, 156126923.435400
252, 156126940.631400
255, 156126955.342700
258, 156126973.374100
261, 156126988.640400
265, 156127006.703400
268, 156127021.937100
272, 156127040.520500
275, 156127056.195200
278, 156127073.344300
280, 156127081.142200
285, 156127105.536200
288, 156127123.448900
290, 156127131.015100
295, 156127155.608500
298, 156127173.359800
300, 156127180.808600
305, 156127206.794300
308, 156127223.688000
310, 156127231.133400
313, 156127246.233800
318, 156127273.577800
320, 156127281.281400
323, 156127294.724100
326, 156127313.022400
328, 156127324.318100
335, 156127355.314400
338, 156127372.061000
341, 156127388.560700
345, 156127406.813100
348, 156127421.842600
352, 156127440.073000
353, 156127448.187300
358, 156127473.532800
362, 156127490.352900
363, 156127496.815400
368, 156127523.355800
372, 156127540.361600
373, 156127547.121500
378, 156127572.084500
381, 156127588.781700
383, 156127597.788900
388, 156127622.046400
392, 156127639.985100
393, 156127647.384300
396, 156127661.505800
399, 156127679.184200
403, 156127696.275200
406, 156127711.529700
409, 156127724.725400
415, 156127755.182300
416, 156127763.241400
422, 156127790.127600
426, 156127812.849900
432, 156127839.754100
433, 156127848.893800
435, 156127856.615700
438, 156127873.301300
441, 156127889.002000
445, 156127906.726700
448, 156127923.283400
451, 156127939.137500
455, 156127956.698300
458, 156127971.948100
462, 156127989.840000
465, 156128005.369900
468, 156128023.946200
471, 156128039.511600
475, 156128055.340000
478, 156128073.325200
482, 156128090.120300
483, 156128097.675800
486, 156128112.805200
490, 156128129.978500
493, 156128146.362700
496, 156128162.802900
499, 156128179.549500
505, 156128205.236400
508, 156128223.197900
509, 156128229.574200
515, 156128256.484200
518, 156128273.808600
520, 156128281.358800
525, 156128305.891600
528, 156128323.191800
530, 156128329.827300
535, 156128355.334700
538, 156128371.990700
540, 156128380.338500
545, 156128405.615400
548, 156128423.229000
550, 156128429.724900
555, 156128455.558500
556, 156128463.429800
559, 156128477.708500
563, 156128496.424000
566, 156128512.903900
569, 156128529.215800
572, 156128541.414400
575, 156128557.663700
0, 156128574.825300
4, 156128590.180100
8, 156128613.082700
14, 156128640.128600
17, 156128657.030700
18, 156128663.606400
24, 156128690.238800
27, 156128706.617000
28, 156128713.454100
33, 156128738.636200
37, 156128756.503800
38, 156128764.241300
43, 156128788.632900
47, 156128807.043300
50, 156128823.437500
54, 156128840.052600
57, 156128856.841700
59, 156128864.894300
61, 156128878.136600
67, 156128905.276900
70, 156128923.252800
74, 156128939.671600
77, 156128955.385000
80, 156128972.889900
83, 156128988.694700
87, 156129006.418500
90, 156129021.869200
94, 156129039.955700
97, 156129055.312800
100, 156129073.820700
104, 156129090.347900
105, 156129097.857600
110, 156129121.958300
114, 156129140.221000
115, 156129147.952500
120, 156129171.968600
124, 156129190.137700
125, 156129197.730500
130, 156129223.509200
132, 156129231.544800
135, 156129246.280300
140, 156129273.458800
142, 156129281.546500
145, 156129294.951600
148, 156129312.588300
151, 156129327.800400
155, 156129346.101300
160, 156129373.155100
164, 156129390.169200
167, 156129405.382900
170, 156129423.409700
172, 156129430.838400
177, 156129455.726900
180, 156129472.032500
182, 156129480.254400
187, 156129505.442900
190, 156129523.151000
191, 156129529.656300
197, 156129556.816000
200, 156129573.578900
202, 156129581.194900
207, 156129605.523900
210, 156129623.463800
212, 156129631.294800
215, 156129645.118400
218, 156129662.832100
222, 156129680.072900
225, 156129696.530500
228, 156129713.136500
231, 156129729.466900
237, 156129756.460500
240, 156129773.267000
243, 156129788.545900
247, 156129806.764200
250, 156129823.225300
253, 156129838.614600
257, 156129856.802000
259, 156129865.137400
263, 156129888.839700
267, 156129906.837900
270, 156129923.002200
273, 156129938.685400
277, 156129956.514300
280, 156129971.863800
283, 156129988.698800
287, 156130006.808000
290, 156130023.318400
294, 156130039.929600
297, 156130055.427200
300, 156130073.236000
304, 156130089.908500
307, 156130106.774600
312, 156130129.869200
314, 156130144.528500
316, 156130151.983600
320, 156130173.258900
325, 156130196.359500
327, 156130205.325700
330, 156130223.530600
332, 156130231.432600
337, 156130256.680800
340, 156130274.454500
342, 156130283.202200
347, 156130305.449200
350, 156130321.896800
352, 156130329.734600
357, 156130356.820000
360, 156130373.206700
362, 156130380.067800
367, 156130406.478800
370, 156130423.284800
372, 156130429.773400
375, 156130445.812600
378, 156130462.564800
382, 156130481.412000
385, 156130496.506100
388, 156130512.804000
391, 156130529.156900
395, 156130545.937100
398, 156130562.818500
404, 156130590.091000
407, 156130606.622800
410, 156130623.255600
411, 156130629.594400
417, 156130656.724400
420, 156130673.786000
422, 156130681.351300
427, 156130705.429600
430, 156130723.402100
432, 156130731.280700
437, 156130755.267900
440, 156130771.951300
442, 156130779.904100
447, 156130806.940300
450, 156130823.322600
454, 156130840.084800
457, 156130856.835500
458, 156130863.278000
461, 156130879.172700
467, 156130906.594900
470, 156130922.861500
474, 156130940.170400
477, 156130956.247700
480, 156130973.405800
484, 156130989.694500
487, 156131006.676200
490, 156131023.111200
493, 156131038.483500
497, 156131056.752200
500, 156131073.300300
504, 156131090.137600
505, 156131097.642600
510, 156131123.737900
514, 156131139.879100
515, 156131146.176600
520, 156131173.052000
524, 156131190.029300
525, 156131198.013000
530, 156131222.064400
533, 156131239.118800
535, 156131246.921500
538, 156131261.290500
541, 156131279.442700
545, 156131296.691300
551, 156131325.219200
552, 156131334.468600
557, 156131355.758100
560, 156131373.313600
563, 156131388.593700
567, 156131406.339400
570, 156131421.830100
574, 156131440.108200
575, 156131446.713000
2, 156131472.405200
6, 156131490.081500
7, 156131497.902900
12, 156131521.935600
16, 156131540.091000
17, 156131547.643200
22, 156131571.904700
26, 156131590.605500
27, 156131598.232100
30, 156131611.333500
36, 156131639.982300
39, 156131656.929600
41, 156131665.283500
43, 156131677.830100
47, 156131696.185800
50, 156131712.882300
53, 156131729.089800
57, 156131746.204000
62, 156131773.162100
66, 156131790.286600
69, 156131806.535600
72, 156131823.056000
73, 156131829.224600
79, 156131855.895900
82, 156131873.266700
84, 156131879.750300
89, 156131905.348200
92, 156131923.145400
95, 156131938.656700
99, 156131955.443800
102, 156131973.160100
105, 156131988.534800
109, 156132006.970700
112, 156132023.575100
116, 156132040.100100
119, 156132056.417100
122, 156132072.569900
125, 156132088.607900
127, 156132096.463800
130, 156132112.852900
136, 156132139.885400
141, 156132165.372900
142, 156132174.024100
144, 156132181.993800
149, 156132206.903200
152, 156132223.282600
155, 156132238.547500
157, 156132246.157800
162, 156132271.998500
165, 156132288.941000
167, 156132298.224600
172, 156132323.338000
176, 156132340.359400
177, 156132347.894800
182, 156132371.934900
186, 156132390.155800
187, 156132399.306900
190, 156132411.420700
196, 156132440.140000
199, 156132457.117200
201, 156132465.250100
203, 156132478.073200
207, 156132496.212200
210, 156132513.031900
213, 156132528.865800
216, 156132540.418200
222, 156132571.891700
226, 156132590.014100
229, 156132606.750300
232, 156132621.939700
234, 156132629.721000
239, 156132656.729900
242, 156132673.382900
244, 156132681.749800
249, 156132705.714200
252, 156132723.425400
254, 156132731.034800
259, 156132757.019800
262, 156132773.228200
264, 156132779.888100
269, 156132806.767300
272, 156132823.444000
274, 156132831.605600
277, 156132844.888100
282, 156132872.276300
286, 156132889.858400
289, 156132905.333100
292, 156132923.399700
295, 156132938.655000
299, 156132956.765000
302, 156132972.031400
306, 156132990.445700
309, 156133005.492700
312, 156133023.125800
315, 156133038.943400
319, 156133056.760200
322, 156133073.741100
326, 156133090.102600
327, 156133097.592000
332, 156133123.526300
336, 156133140.000800
337, 156133147.829400
342, 156133171.916200
345, 156133188.664500
347, 156133196.596100
352, 156133222.124900
356, 156133240.274400
357, 156133246.546000
360, 156133262.726900
363, 156133279.299800
367, 156133296.009500
370, 156133312.667300
373, 156133329.043400
377, 156133346.332000
379, 156133357.845200
382, 156133373.285600
387, 156133396.322800
392, 156133423.502700
396, 156133440.445800
397, 156133448.026500
402, 156133471.985000
406, 156133490.215700
407, 156133498.192500
412, 156133523.374600
416, 156133540.014400
417, 156133546.495400
422, 156133573.109700
426, 156133589.893000
427, 156133597.677400
432, 156133621.909600
436, 156133640.416100
437, 156133646.726900
440, 156133661.131200
445, 156133688.585800
447, 156133696.423100
450, 156133711.490100
455, 156133738.484000
457, 156133746.528300
462, 156133773.391000
467, 156133796.100500
469, 156133806.393100
472, 156133823.196500
474, 156133831.045100
479, 156133856.685200
482, 156133873.761200
484, 156133881.354900
489, 156133905.357500
492, 156133923.340700
495, 156133938.625000
499, 156133956.884500
502, 156133973.427200
505, 156133988.534400
509, 156134006.709000
512, 156134023.227400
515, 156134038.459500
519, 156134056.781400
522, 156134072.878600
526, 156134090.427700
527, 156134098.412300
532, 156134123.304800
537, 156134147.542300
539, 156134156.665900
542, 156134172.092100
545, 156134188.490900
549, 156134205.484900
552, 156134223.280600
556, 156134239.905500
557, 156134247.498700
562, 156134271.848000
566, 156134290.185400
567, 156134298.742400
572, 156134322.319000
576, 156134340.821700
0, 156134350.760700
2, 156134361.376400
7, 156134388.500700
11, 156134407.332700
13, 156134415.746900
15, 156134427.691900
21, 156134455.395300
24, 156134471.943600
26, 156134480.683100
29, 156134495.121100
32, 156134512.883800
35, 156134528.687700
38, 156134540.975700
41, 156134558.207200
44, 156134573.500500
49, 156134596.437600
54, 156134623.370300
58, 156134640.437400
59, 156134648.680300
64, 156134671.968200
68, 156134690.038700
69, 156134698.042400
74, 156134722.131400
77, 156134738.630900
79, 156134746.362700
84, 156134772.116900
88, 156134789.726500
91, 156134805.364100
94, 156134821.951000
96, 156134829.970100
101, 156134855.461800
102, 156134863.209200
105, 156134877.851400
111, 156134905.016900
114, 156134921.983100
118, 156134942.211300
121, 156134955.421100
124, 156134972.808600
127, 156134988.612300
131, 156135007.954500
134, 156135022.968800
137, 156135038.618000
141, 156135056.537400
144, 156135071.768200
148, 156135089.888400
149, 156135097.575500
154, 156135121.839700
158, 156135140.395400
159, 156135148.077300
164, 156135171.848700
168, 156135190.120400
169, 156135198.293700
172, 156135211.445400
178, 156135239.659900
181, 156135256.664300
183, 156135264.876900
185, 156135277.698400
189, 156135296.161600
192, 156135312.802200
195, 156135329.461100
199, 156135346.026900
204, 156135372.915900
208, 156135390.030700
211, 156135405.289700
214, 156135421.841700
216, 156135429.692200
221, 156135456.501400
224, 156135473.335400
226, 156135480.883300
231, 156135505.488200
234, 156135523.281700
236, 156135531.035900
241, 156135556.890900
244, 156135573.470000
246, 156135579.597600
251, 156135606.555100
254, 156135623.156500
256, 156135631.471200
259, 156135645.060100
262, 156135662.845400
265, 156135679.054100
269, 156135696.314200
272, 156135713.223500
276, 156135730.184100
281, 156135756.565500
284, 156135772.618100
287, 156135789.507900
291, 156135806.323400
294, 156135822.914800
295, 156135829.338200
301, 156135855.432500
304, 156135873.291200
306, 156135880.816000
311, 156135906.853800
314, 156135922.973000
317, 156135939.057200
321, 156135956.740800
324, 156135972.789700
327, 156135988.738700
331, 156136005.547000
334, 156136023.023600
337, 156136039.399000
341, 156136056.452600
344, 156136073.026500
348, 156136090.243700
349, 156136096.874700
352, 156136113.106000
358, 156136139.708200
361, 156136156.789200
364, 156136171.759500
367, 156136189.457300
371, 156136205.477600
372, 156136213.445300
377, 156136238.504800
381, 156136257.724400
383, 156136265.741100
387, 156136288.559600
391, 156136306.656500
392, 156136314.420800
397, 156136338.832600
401, 156136356.398400
402, 156136363.066900
407, 156136388.653100
411, 156136405.146700
412, 156136414.140500
417, 156136438.485400
421, 156136455.272900
424, 156136471.720500
428, 156136490.021200
429, 156136497.807300
432, 156136511.309200
435, 156136529.456700
441, 156136556.515700
444, 156136573.591800
447, 156136588.449000
451, 156136606.493200
454, 156136623.244000
455, 156136629.435800
461, 156136656.480400
464, 156136673.250900
466, 156136679.756200
471, 156136706.512600
474, 156136723.115200
476, 156136730.708200
481, 156136756.900500
484, 156136773.259700
486, 156136779.709200
491, 156136805.419700
494, 156136821.799200
496, 156136830.149400
498, 156136839.841000
504, 156136871.735000
506, 156136880.775300
511, 156136906.700900
514, 156136922.959600
517, 156136939.576300
521, 156136956.818800
524, 156136972.958100
527, 156136989.436200
531, 156137005.327600
534, 156137022.766700
537, 156137038.973000
541, 156137056.609900
544, 156137073.240700
547, 156137088.557100
549, 156137096.457200
554, 156137121.780300
557, 156137138.654000
559, 156137147.173500
564, 156137171.950200
568, 156137190.046300
569, 156137197.997300
572, 156137210.884500
577, 156137239.545400
3, 156137256.940700
4, 156137264.576400
7, 156137278.050400
11, 156137296.283000
14, 156137312.980900
17, 156137327.910100
20, 156137339.884900
26, 156137371.770100
31, 156137396.257800
33, 156137406.401800
36, 156137423.174700
38, 156137430.730600
43, 156137456.572200
46, 156137473.171600
48, 156137479.589700
53, 156137505.511400
56, 156137522.894200
57, 156137529.279400
63, 156137555.412000
66, 156137571.770500
68, 156137579.659500
73, 156137606.761400
76, 156137623.094300
77, 156137629.518400
81, 156137645.801500
84, 156137662.444300
87, 156137679.028300
90, 156137691.779300
96, 156137721.650900
99, 156137738.453800
103, 156137755.112000
107, 156137779.261000
109, 156137788.876500
113, 156137806.672500
116, 156137823.197200
119, 156137838.688400
123, 156137857.041600
125, 156137864.864700
129, 156137888.772200
133, 156137906.315200
136, 156137921.795900
140, 156137940.686400
143, 156137956.705800
146, 156137972.376000
150, 156137989.869500
153, 156138005.329000
156, 156138023.056000
159, 156138038.407100
163, 156138056.565300
166, 156138072.777400
169, 156138088.746400
171, 156138097.048200
174, 156138112.626200
177, 156138128.973500
181, 156138145.677500
184, 156138163.048900
190, 156138189.714800
193, 156138206.577900
196, 156138223.491300
198, 156138231.311700
203, 156138256.518300
206, 156138273.258500
208, 156138281.130500
213, 156138305.281000
216, 156138323.558400
218, 156138331.562600
223, 156138356.819700
226, 156138373.973300
228, 156138381.745400
233, 156138405.489900
236, 156138423.505700
238, 156138431.474500
241, 156138444.651900
246, 156138472.998900
250, 156138489.932000
251, 156138497.780200
254, 156138511.431000
257, 156138529.098800
261, 156138545.929100
266, 156138573.296000
270, 156138590.368700
273, 156138606.610300
276, 156138621.893600
278, 156138629.695900
283, 156138656.731100
286, 156138674.236200
288, 156138682.015000
293, 156138705.305800
296, 156138723.331400
298, 156138730.860800
303, 156138755.266500
306, 156138771.796000
307, 156138779.520200
313, 156138806.620000
316, 156138823.263700
318, 156138830.808400
321, 156138844.737000
326, 156138873.957400
330, 156138889.897500
333, 156138905.512000
336, 156138922.780000
340, 156138939.724900
343, 156138956.601700
346, 156138971.920000
350, 156138989.841200
353, 156139006.569200
356, 156139023.176800
359, 156139038.492700
363, 156139055.384100
366, 156139071.935000
369, 156139089.564800
373, 156139106.759800
374, 156139113.106000
379, 156139139.100900
383, 156139156.408500
385, 156139164.870900
389, 156139188.583900
393, 156139207.237500
395, 156139215.741000
397, 156139227.904100
403, 156139256.608100
406, 156139273.085000
408, 156139281.449900
411, 156139294.878400
414, 156139312.934400
417, 156139329.119700
423, 156139356.496400
426, 156139372.809100
430, 156139389.703400
433, 156139406.752400
436, 156139421.725400
439, 156139439.024100
441, 156139446.697300
446, 156139473.072200
450, 156139490.373200
451, 156139498.062400
456, 156139522.019700
460, 156139540.102000
461, 156139547.754100
466, 156139572.029000
469, 156139588.691800
471, 156139596.772900
476, 156139623.356500
480, 156139639.866300
481, 156139646.655400
484, 156139662.842600
487, 156139679.204400
491, 156139696.572900
494, 156139713.061300
498, 156139729.768300
501, 156139745.994300
506, 156139773.001000
510, 156139789.954800
513, 156139805.672700
516, 156139821.938700
520, 156139839.891100
521, 156139847.647200
526, 156139871.871200
530, 156139890.055400
531, 156139898.072000
536, 156139921.916200
540, 156139940.267700
543, 156139955.214400
546, 156139973.171100
550, 156139990.006200
553, 156140005.532900
556, 156140023.210900
559, 156140038.462400
563, 156140056.662100
566, 156140071.809600
570, 156140089.862700
573, 156140106.755800
574, 156140113.402400
577, 156140129.320400
2, 156140141.257800
8, 156140171.696100
11, 156140188.470500
15, 156140205.364300
18, 156140223.343500
20, 156140231.027100
25, 156140256.591700
28, 156140273.910400
30, 156140281.617300
35, 156140305.389600
38, 156140323.376200
40, 156140332.313000
45, 156140355.410000
48, 156140373.067700
50, 156140380.972200
55, 156140405.310300
58, 156140423.253200
60, 156140432.025700
63, 156140444.919100
68, 156140473.033700
72, 156140489.849600
73, 156140497.738700
76, 156140514.354300
80, 156140529.853800
83, 156140547.078300
86, 156140562.787600
92, 156140590.060800
95, 156140606.961200
98, 156140623.309000
102, 156140640.012900
103, 156140647.820900
108, 156140673.711100
112, 156140689.815400
113, 156140696.201800
118, 156140723.131800
122, 156140739.794300
123, 156140746.447700
128, 156140772.911400
132, 156140790.317800
133, 156140798.033800
138, 156140822.094500
142, 156140839.927000
143, 156140847.803700
146, 156140861.308100
152, 156140889.756700
155, 156140906.687400
158, 156140923.100800
162, 156140939.992100
165, 156140955.443800
168, 156140973.238600
171, 156140989.443200
175, 156141005.399300
178, 156141023.157000
181, 156141039.565400
185, 156141055.621100
188, 156141073.638100
191, 156141088.587900
195, 156141106.741300
196, 156141115.224000
202, 156141140.005900
205, 156141156.606800
206, 156141163.277700
212, 156141189.760000
215, 156141206.882600
216, 156141213.564800
221, 156141238.495200
225, 156141255.463600
226, 156141264.531800
229, 156141278.050300
233, 156141296.089500
236, 156141312.942100
239, 156141328.831500
242, 156141339.933400
248, 156141371.788900
253, 156141396.538300
255, 156141406.309300
258, 156141423.354300
260, 156141431.146300
265, 156141457.021400
268, 156141473.170500
270, 156141479.609700
275, 156141506.750300
278, 156141523.646600
280, 156141531.529400
285, 156141555.597000
288, 156141573.251300
290, 156141580.638700
292, 156141594.489000
298, 156141623.010600
302, 156141639.960000
303, 156141647.892900
306, 156141662.302100
309, 156141679.136100
313, 156141696.147700
316, 156141713.196300
319, 156141729.006700
323, 156141745.601800
328, 156141773.192100
332, 156141789.747200
335, 156141806.754600
338, 156141822.869000
341, 156141839.013500
343, 156141846.577800
348, 156141873.027900
352, 156141891.438400
353, 156141897.736300
358, 156141921.931100
362, 156141939.921000
365, 156141956.867800
368, 156141973.246500
371, 156141989.578000
375, 156142005.434700
378, 156142022.717700
381, 156142038.408600
385, 156142056.670100
388, 156142072.972500
391, 156142089.488800
395, 156142106.776700
398, 156142123.187700
401, 156142138.441200
405, 156142156.978300
409, 156142179.564700
412, 156142189.866800
415, 156142205.491400
418, 156142223.225200
420, 156142230.612600
425, 156142255.429400
428, 156142273.927900
430, 156142282.416800
435, 156142305.451600
438, 156142323.171700
440, 156142331.002800
445, 156142355.495100
448, 156142373.122800
450, 156142380.656900
455, 156142405.445200
458, 156142421.835500
459, 156142429.408100
465, 156142455.326600
466, 156142463.402600
469, 156142477.869400
473, 156142495.663500
476, 156142513.304400
479, 156142529.170500
482, 156142540.893100
485, 156142557.993000
488, 156142573.244400
493, 156142596.299800
498, 156142623.260300
502, 156142639.818100
503, 156142647.946700
508, 156142671.979100
512, 156142689.913200
513, 156142697.401500
518, 156142723.412100
522, 156142739.800500
523, 156142746.527800
528, 156142773.051400
532, 156142789.892900
533, 156142797.759900
538, 156142823.230600
542, 156142840.430200
543, 156142846.733600
548, 156142871.883400
551, 156142888.665800
553, 156142896.740500
555, 156142907.474400
561, 156142938.444000
565, 156142956.479200
568, 156142972.799300
571, 156142988.493100
575, 156143006.738800
0, 156143023.589500
3, 156143038.395000
7, 156143056.814400
10, 156143073.385900
13, 156143088.495000
17, 156143106.186900
20, 156143123.275200
22, 156143131.136700
27, 156143155.656800
30, 156143173.241500
32, 156143181.067000
37, 156143206.901000
39, 156143215.221300
41, 156143229.076000
47, 156143256.786700
49, 156143264.647500
51, 156143279.082600
55, 156143296.153700
58, 156143312.680800
61, 156143329.328000
65, 156143345.859200
70, 156143373.097800
74, 156143389.870400
77, 156143406.102400
80, 156143421.836400
83, 156143438.560900
85, 156143447.463200
90, 156143471.900300
93, 156143488.599800
95, 156143496.864700
100, 156143523.409700
104, 156143540.304900
105, 156143547.848900
110, 156143571.828800
114, 156143590.954500
115, 156143599.379200
118, 156143611.772000
124, 156143639.689200
127, 156143656.491500
129, 156143666.578700
131, 156143677.730000
135, 156143695.962000
138, 156143712.912700
141, 156143729.240300
147, 156143756.227000
150, 156143773.182800
153, 156143788.960900
157, 156143805.157000
159, 156143815.352500
164, 156143840.014300
167, 156143856.617700
170, 156143871.941800
173, 156143888.584700
175, 156143897.083700
180, 156143922.186900
183, 156143939.579200
187, 156143955.200200
190, 156143973.262100
193, 156143988.461900
197, 156144007.183000
200, 156144021.880300
204, 156144039.983700
207, 156144055.159600
210, 156144073.178600
214, 156144089.892200
217, 156144105.199400
220, 156144123.038200
222, 156144130.530400
225, 156144146.281000
230, 156144171.867700
233, 156144188.418400
237, 156144207.036300
240, 156144223.262300
242, 156144230.741300
247, 156144255.309800
250, 156144273.720200
252, 156144281.217600
257, 156144305.287100
260, 156144321.910400
262, 156144329.969400
267, 156144355.081000
268, 156144362.992400
274, 156144390.480000
277, 156144406.807000
278, 156144413.445800
283, 156144439.299200
285, 156144447.538000
288, 156144461.411000
291, 156144479.043400
295, 156144496.368700
298, 156144511.247400
301, 156144529.094300
305, 156144545.638900
310, 156144571.670700
314, 156144589.587700
317, 156144605.323600
320, 156144622.994500
324, 156144639.586100
325, 156144646.069300
330, 156144671.867900
333, 156144688.986500
335, 156144698.135900
340, 156144721.979200
344, 156144740.313500
345, 156144747.976300
350, 156144771.845800
353, 156144788.451700
355, 156144796.092100
360, 156144823.331500
364, 156144839.759800
367, 156144856.665600
368, 156144864.165800
371, 156144877.787100
377, 156144906.510300
380, 156144923.359700
383, 156144938.546900
387, 156144956.410500
390, 156144972.961500
394, 156144989.915000
397, 156145005.194000
400, 156145023.017900
404, 156145039.636300
407, 156145056.691800
410, 156145071.721900
414, 156145089.819700
417, 156145106.214100
420, 156145121.781200
421, 156145129.312900
427, 156145156.489900
430, 156145173.647300
432, 156145182.364600
434, 156145194.398500
440, 156145221.717700
444, 156145239.975200
445, 156145247.795400
448, 156145261.350200
451, 156145279.242700
455, 156145296.113300
458, 156145311.278700
460, 156145324.434300
467, 156145355.240400
470, 156145371.871500
473, 156145388.390000
477, 156145406.512900
480, 156145421.818100
482, 156145429.637500
487, 156145456.833700
490, 156145473.073000
491, 156145479.525600
497, 156145505.329400
500, 156145521.798200
502, 156145530.386600
507, 156145555.564900
510, 156145573.232800
512, 156145579.935200
517, 156145605.558100
520, 156145621.888200
522, 156145629.790500
527, 156145655.523500
528, 156145663.797000
531, 156145677.895200
535, 156145695.838400
538, 156145714.313600
543, 156145739.568700
547, 156145756.552900
550, 156145772.988300
553, 156145788.897200
557, 156145805.257200
558, 156145813.136600
564, 156145839.683300
567, 156145856.576000
569, 156145864.586200
573, 156145888.532600
577, 156145906.397200
0, 156145913.665800
5, 156145938.555000
9, 156145956.353500
12, 156145972.810500
15, 156145989.452400
19, 156146005.367800
22, 156146022.903800
26, 156146039.726500
29, 156146056.275800
32, 156146071.614200
35, 156146089.397400
39, 156146106.681200
42, 156146123.237700
44, 156146132.484100
49, 156146155.422800
52, 156146173.162700
55, 156146188.952200
59, 156146206.537500
62, 156146223.229500
64, 156146231.172200
69, 156146256.611500
72, 156146273.040100
74, 156146279.603100
79, 156146306.440600
82, 156146323.176900
83, 156146329.495400
89, 156146355.636800
92, 156146372.953900
93, 156146379.310000
99, 156146405.225600
102, 156146421.927500
104, 156146431.264200
107, 156146444.688100
112, 156146472.966800
116, 156146489.970800
119, 156146505.280800
122, 156146523.131700
124, 156146531.168100
127, 156146546.044800
132, 156146571.855100
135, 156146588.454000
139, 156146606.361900
142, 156146623.392900
144, 156146631.182300
149, 156146656.590100
152, 156146673.746900
154, 156146681.243500
159, 156146706.976200
162, 156146723.244700
164, 156146729.611700
169, 156146755.327500
172, 156146771.761200
173, 156146780.220100
179, 156146806.676600
182, 156146823.207200
185, 156146838.532800
189, 156146855.201000
190, 156146863.243000
193, 156146878.950500
199, 156146906.327500
202, 156146923.608500
206, 156146940.942000
209, 156146957.410800
212, 156146972.904800
216, 156146989.837600
219, 156147005.230900
222, 156147022.771100
225, 156147038.393300
229, 156147056.327400
232, 156147071.641600
236, 156147089.940600
239, 156147106.545700
242, 156147123.289600
244, 156147131.051600
249, 156147156.646400
252, 156147173.305800
254, 156147181.425400
259, 156147205.209000
262, 156147223.211300
264, 156147230.604600
267, 156147244.693500
272, 156147272.808600
276, 156147289.935400
277, 156147297.808700
280, 156147311.206100
283, 156147328.890100
287, 156147346.729800
290, 156147363.017500
296, 156147389.718100
299, 156147406.542000
302, 156147423.155100
303, 156147429.407400
309, 156147456.530600
313, 156147477.218600
315, 156147485.182500
319, 156147505.186800
322, 156147523.321600
324, 156147531.305800
329, 156147555.223300
332, 156147573.126100
334, 156147581.824500
339, 156147605.413600
340, 156147613.535500
343, 156147628.941400
346, 156147640.685100
352, 156147671.595700
354, 156147680.415200
356, 156147694.281000
360, 156147712.404800
363, 156147729.017600
367, 156147745.791400
372, 156147771.889500
375, 156147789.717300
379, 156147805.219600
382, 156147821.717400
385, 156147839.449100
389, 156147856.624800
390, 156147864.368900
395, 156147888.660100
399, 156147906.535800
400, 156147916.119700
406, 156147940.253100
409, 156147956.353000
412, 156147972.743800
415, 156147989.315300
419, 156148005.258700
422, 156148022.594300
425, 156148038.201400
429, 156148056.677700
432, 156148074.926200
435, 156148089.008300
439, 156148106.572200
442, 156148122.845100
446, 156148139.894500
447, 156148147.444500
452, 156148173.158300
457, 156148195.903600
459, 156148206.279200
462, 156148223.028300
464, 156148230.427600
469, 156148257.894500
472, 156148274.000400
474, 156148280.793600
479, 156148305.113800
482, 156148322.957000
484, 156148330.404100
489, 156148355.413600
492, 156148371.670400
494, 156148379.921700
499, 156148406.479900
502, 156148422.947900
503, 156148429.278600
507, 156148446.083700
510, 156148462.549600
513, 156148479.040900
517, 156148495.974200
519, 156148507.624800
525, 156148538.254100
529, 156148555.169600
530, 156148563.068800
533, 156148577.498200
539, 156148606.396200
542, 156148622.924800
544, 156148629.662500
549, 156148656.116900
552, 156148673.142300
554, 156148683.135300
559, 156148705.464100
562, 156148721.853200
564, 156148729.686900
569, 156148756.377200
572, 156148773.283300
574, 156148780.430100
1, 156148806.770800
4, 156148822.968100
5, 156148829.319200
11, 156148855.640400
14, 156148871.684300
15, 156148879.518000
19, 156148895.373600
24, 156148922.804000
28, 156148940.159300
31, 156148956.589200
34, 156148972.703000
38, 156148989.634100
41, 156149006.243600
44, 156149022.785800
48, 156149039.589600
51, 156149055.317100
54, 156149073.188800
58, 156149089.823900
61, 156149106.753700
64, 156149121.664900
67, 156149138.421100
69, 156149146.174900
74, 156149171.861600
78, 156149190.203700
79, 156149198.073500
82, 156149211.429200
87, 156149238.298400
91, 156149255.337300
94, 156149273.158200
96, 156149280.857900
98, 156149294.489900
102, 156149312.576200
105, 156149328.966200
108, 156149341.159600
111, 156149358.065200
114, 156149374.524200
118, 156149391.289200
121, 156149406.528200
125, 156149429.302400
131, 156149456.398400
134, 156149473.113300
136, 156149479.536400
141, 156149506.496400
144, 156149523.082900
146, 156149530.678800
151, 156149555.405800
154, 156149571.619600
156, 156149579.968700
161, 156149606.664300
164, 156149622.919900
165, 156149629.271800
171, 156149655.356300
172, 156149663.137700
175, 156149678.200700
179, 156149695.765700
184, 156149724.252300
186, 156149734.186200
191, 156149756.462500
194, 156149772.934800
198, 156149789.670800
201, 156149805.185300
204, 156149821.624300
205, 156149829.442700
211, 156149856.308300
214, 156149874.089100
216, 156149880.820000
221, 156149905.588900
224, 156149922.648600
228, 156149939.743700
231, 156149955.394000
234, 156149973.092600
238, 156149989.808100
241, 156150005.041900
244, 156150023.324100
248, 156150039.623500
251, 156150055.157900
254, 156150073.114400
258, 156150090.128500
261, 156150105.090000
264, 156150123.126800
268, 156150139.924800
272, 156150162.537600
278, 156150190.827700
279, 156150198.319900
281, 156150207.522900
284, 156150223.255000
286, 156150231.211100
291, 156150255.151900
294, 156150271.718100
296, 156150279.621500
301, 156150306.585400
304, 156150323.093800
305, 156150329.520500
311, 156150355.198700
314, 156150373.188000
316, 156150380.959300
321, 156150406.105200
324, 156150423.188500
326, 156150431.155200
329, 156150444.563900
334, 156150472.936000
338, 156150490.626100
339, 156150497.322300
342, 156150511.214300
345, 156150529.413300
349, 156150544.584200
351, 156150557.953500
355, 156150574.589300
358, 156150591.365000
361, 156150607.064800
365, 156150630.756300
371, 156150656.745000
374, 156150673.978500
376, 156150681.874200
381, 156150705.404800
384, 156150723.273400
386, 156150730.962000
391, 156150755.051100
394, 156150771.692500
395, 156150779.375100
401, 156150806.640500
404, 156150823.476800
406, 156150831.370700
411, 156150856.693900
414, 156150873.086500
415, 156150879.493000
419, 156150895.603000
422, 156150912.600700
428, 156150939.653800
432, 156150962.431000
434, 156150972.598600
437, 156150988.564100
441, 156151006.437800
444, 156151021.548300
448, 156151039.818200
451, 156151055.236700
454, 156151073.248900
457, 156151088.357200
461, 156151106.632900
464, 156151121.933500
467, 156151139.395900
471, 156151155.334800
474, 156151175.533700
476, 156151180.678400
481, 156151205.221800
484, 156151223.201200
486, 156151231.435800
489, 156151246.165700
494, 156151272.944400
496, 156151280.499500
499, 156151295.826400
502, 156151312.455100
505, 156151329.514400
509, 156151345.752800
512, 156151362.845800
518, 156151390.914700
521, 156151406.255300
524, 156151421.730900
527, 156151438.468300
529, 156151446.258200
534, 156151472.985200
538, 156151489.753700
541, 156151504.650400
542, 156151512.631400
548, 156151539.990100
551, 156151556.615100
552, 156151563.335500
558, 156151589.563100
561, 156151606.468300
562, 156151614.110100
567, 156151638.661300
571, 156151656.726700
573, 156151664.778200
575, 156151677.748200
1, 156151696.389400
4, 156151714.097000
7, 156151728.945400
11, 156151746.284400
16, 156151773.941800
19, 156151789.274600
23, 156151806.397000
26, 156151823.007100
29, 156151838.521300
31, 156151846.922800
36, 156151872.956200
39, 156151889.382900
43, 156151905.207900
44, 156151912.896000
50, 156151939.726400
53, 156151956.711500
54, 156151963.390300
59, 156151988.527600
63, 156152006.809200
66, 156152022.779600
70, 156152039.818400
73, 156152055.183000
76, 156152071.747800
79, 156152089.298600
83, 156152106.435900
86, 156152122.776100
89, 156152138.517300
93, 156152156.589000
96, 156152171.608000
99, 156152188.543900
103, 156152206.367500
106, 156152223.116500
108, 156152231.850900
113, 156152255.248300
116, 156152273.663700
118, 156152281.480700
123, 156152305.446900
126, 156152321.874700
127, 156152329.493700
133, 156152358.359000
136, 156152373.050700
137, 156152379.396800
143, 156152406.305400
146, 156152422.958900
148, 156152430.422100
150, 156152444.412000
156, 156152471.627400
159, 156152488.915500
161, 156152496.557400
164, 156152511.279600
167, 156152529.144400
173, 156152556.900500
176, 156152573.000600
179, 156152589.507300
183, 156152606.315000
186, 156152621.744200
190, 156152639.681200
191, 156152647.153800
196, 156152672.872900
200, 156152689.784900
201, 156152697.673600
206, 156152721.892800
210, 156152739.723700
211, 156152747.286800
216, 156152771.700800
220, 156152789.942500
221, 156152797.654900
224, 156152811.260900
229, 156152839.500800
233, 156152856.630000
235, 156152865.041400
239, 156152888.531800
243, 156152906.603600
245, 156152914.526000
250, 156152939.787800
254, 156152963.278600
257, 156152977.469000
259, 156152989.392200
263, 156153004.974100
266, 156153023.200500
269, 156153039.313300
273, 156153055.372900
276, 156153073.341000
279, 156153088.432900
283, 156153106.256200
286, 156153121.729400
290, 156153139.644300
293, 156153155.016500
296, 156153173.263600
300, 156153189.757400
303, 156153206.454000
305, 156153214.545400
307, 156153229.122800
313, 156153256.452400
314, 156153264.319800
318, 156153279.638500
321, 156153295.911000
324, 156153313.227200
328, 156153329.843800
331, 156153347.035400
334, 156153362.927100
340, 156153389.661600
343, 156153406.539000
346, 156153423.120500
348, 156153429.574600
353, 156153456.539900
356, 156153473.340800
358, 156153481.436700
363, 156153505.266700
366, 156153521.635800
368, 156153529.652300
373, 156153557.370500
376, 156153573.299900
378, 156153579.720900
383, 156153605.159500
386, 156153621.898700
388, 156153630.473100
391, 156153645.526600
394, 156153662.687100
397, 156153679.258700
401, 156153696.214800
404, 156153713.091400
407, 156153728.861900
411, 156153745.895000
416, 156153773.091100
420, 156153789.790200
423, 156153805.089700
426, 156153822.722500
430, 156153840.158100
431, 156153846.936100
436, 156153873.133300
440, 156153890.181800
441, 156153898.368100
446, 156153921.805300
450, 156153939.907300
451, 156153947.555600
456, 156153971.802300
460, 156153989.825000
463, 156154006.674900
466, 156154021.794000
469, 156154039.488000
473, 156154055.296900
476, 156154073.002300
480, 156154089.777800
483, 156154105.067300
486, 156154123.085700
490, 156154140.420800
493, 156154155.196100
496, 156154173.149100
500, 156154189.701600
503, 156154205.210200
506, 156154223.166700
508, 156154231.636300
513, 156154255.133700
516, 156154273.142300
518, 156154282.020100
523, 156154305.188600
526, 156154322.981000
528, 156154332.041700
533, 156154355.139400
536, 156154371.818900
538, 156154380.748700
543, 156154405.316300
546, 156154423.365200
548, 156154432.352100
551, 156154444.644600
554, 156154462.733000
557, 156154479.171800
561, 156154495.851200
564, 156154512.805500
567, 156154529.238300
570, 156154540.700100
573, 156154557.659900
576, 156154574.101900
2, 156154591.192200
5, 156154606.521600
9, 156154628.940800
15, 156154656.382100
18, 156154673.637400
20, 156154681.288100
25, 156154705.425200
28, 156154722.909700
29, 156154729.230900
35, 156154756.318800
38, 156154773.336500
40, 156154781.366900
45, 156154805.307400
48, 156154821.515400
49, 156154829.416100
55, 156154855.291800
58, 156154871.730000
59, 156154879.299600
65, 156154906.532400
68, 156154922.971100
71, 156154938.469300
75, 156154955.467800
78, 156154971.937200
82, 156154989.789400
85, 156155005.223400
88, 156155022.657300
91, 156155038.637900
95, 156155056.425400
98, 156155073.154900
101, 156155088.898700
105, 156155106.638800
108, 156155121.556000
112, 156155139.614900
115, 156155154.981300
118, 156155171.767900
121, 156155189.533700
125, 156155206.277500
128, 156155221.743600
130, 156155229.591700
135, 156155256.705500
137, 156155264.794700
139, 156155277.633200
143, 156155295.967800
146, 156155312.661000
149, 156155328.687600
152, 156155341.044500
155, 156155357.765400
158, 156155374.423800
162, 156155389.994100
166, 156155412.584800
172, 156155439.710800
175, 156155456.457000
176, 156155464.086700
181, 156155488.373100
185, 156155506.701500
187, 156155515.455100
192, 156155539.794500
195, 156155557.067400
197, 156155564.826000
201, 156155588.851700
205, 156155606.634800
207, 156155614.547000
209, 156155627.537400
215, 156155655.166000
218, 156155671.736100
220, 156155679.852400
223, 156155694.595500
226, 156155712.805300
229, 156155728.982100
233, 156155745.477200
238, 156155772.820400
242, 156155789.820100
245, 156155806.300800
248, 156155821.901100
252, 156155840.210800
253, 156155847.820400
258, 156155871.885900
261, 156155888.381700
263, 156155896.765700
268, 156155922.802400
271, 156155939.304100
275, 156155956.532400
276, 156155963.536000
282, 156155989.567500
285, 156156006.883800
287, 156156014.632000
291, 156156038.418100
295, 156156056.593900
298, 156156072.916100
302, 156156090.129300
305, 156156105.238700
308, 156156121.664500
311, 156156138.579600
315, 156156156.451800
318, 156156172.868300
321, 156156189.327900
325, 156156205.049900
328, 156156222.823100
332, 156156240.489900
333, 156156248.200400
338, 156156271.725600
342, 156156289.838900
343, 156156297.542300
348, 156156323.184700
352, 156156340.843600
353, 156156348.780000
358, 156156371.740900
362, 156156389.779700
363, 156156397.240000
366, 156156411.438500
372, 156156439.722100
375, 156156456.675100
376, 156156464.373200
379, 156156477.486600
383, 156156495.751100
387, 156156519.250100
390, 156156529.841400
392, 156156539.665100
398, 156156571.632000
402, 156156589.694900
405, 156156606.496300
408, 156156621.717500
409, 156156629.443600
415, 156156656.821700
418, 156156673.089200
420, 156156680.621000
425, 156156706.470400
428, 156156723.004600
429, 156156729.318900
435, 156156755.327800
438, 156156771.725000
440, 156156779.589700
445, 156156805.106000
448, 156156821.670800
452, 156156839.777000
453, 156156847.463500
456, 156156860.827400
459, 156156874.698100
465, 156156905.273200
466, 156156913.894300
472, 156156939.787200
475, 156156956.943300
478, 156156972.959000
481, 156156988.351200
485, 156157006.058600
488, 156157023.086500
491, 156157038.379700
495, 156157056.591600
498, 156157071.573700
502, 156157089.588300
505, 156157105.038000
508, 156157123.001600
512, 156157139.734500
515, 156157155.304500
518, 156157172.708700
521, 156157188.507000
525, 156157206.222100
528, 156157221.771700
532, 156157239.909100
533, 156157247.841300
536, 156157262.456100
539, 156157278.831800
543, 156157295.851200
546, 156157312.410700
549, 156157328.805500
553, 156157345.606300
556, 156157362.730500
561, 156157388.826000
565, 156157405.230300
568, 156157422.878700
570, 156157430.412200
575, 156157455.409900
0, 156157473.551300
2, 156157479.984000
7, 156157506.637500
10, 156157522.810800
11, 156157529.394300
17, 156157556.317000
20, 156157572.943800
22, 156157580.902700
27, 156157605.429100
30, 156157623.174900
32, 156157630.798200
35, 156157644.589300
40, 156157672.803400
44, 156157690.339500
45, 156157698.066200
48, 156157710.926100
51, 156157727.715300
54, 156157739.629400
60, 156157771.623300
64, 156157789.668100
67, 156157805.252200
70, 156157822.971500
74, 156157839.702900
75, 156157847.334000
80, 156157872.989700
84, 156157889.758600
85, 156157896.511000
90, 156157922.962000
94, 156157939.571500
97, 156157956.470500
100, 156157973.007500
102, 156157979.501800
107, 156158006.504700
110, 156158023.259700
112, 156158030.796800
117, 156158055.288200
120, 156158072.521200
123, 156158088.324000
127, 156158106.575400
130, 156158122.659200
133, 156158138.250200
137, 156158156.723000
140, 156158173.823300
143, 156158188.294500
147, 156158206.480800
150, 156158221.783100
154, 156158239.660200
155, 156158247.561100
160, 156158271.723100
164, 156158289.746400
165, 156158297.739700
170, 156158322.051400
174, 156158339.666900
175, 156158347.115200
180, 156158371.702800
184, 156158389.791500
185, 156158397.459000
190, 156158423.149100
192, 156158430.903400
195, 156158445.552700
197, 156158457.698100
203, 156158488.171200
205, 156158497.021700
208, 156158511.416600
211, 156158529.263400
217, 156158556.290900
220, 156158572.622900
224, 156158589.565700
227, 156158606.550400
230, 156158622.816900
231, 156158629.113300
237, 156158656.372500
240, 156158673.453000
242, 156158680.980900
247, 156158705.279800
250, 156158723.232500
252, 156158730.865200
257, 156158755.257200
260, 156158773.147300
262, 156158780.987900
267, 156158805.180200
270, 156158823.201700
272, 156158831.242100
275, 156158844.599000
280, 156158873.025500
284, 156158889.551500
285, 156158896.956700
288, 156158911.173800
293, 156158938.255500
297, 156158955.269700
300, 156158971.681300
304, 156158989.676900
307, 156159005.082500
310, 156159022.893200
314, 156159039.725400
317, 156159055.075900
320, 156159072.728100
323, 156159088.412600
327, 156159106.072400
330, 156159121.405700
334, 156159139.813400
337, 156159156.169400
340, 156159171.535500
344, 156159189.528100
347, 156159204.989600
350, 156159222.962300
353, 156159238.829500
357, 156159256.578500
359, 156159264.648600
361, 156159279.140800
365, 156159296.267800
368, 156159312.381000
371, 156159328.767500
375, 156159346.014900
378, 156159362.590300
383, 156159389.454800
387, 156159406.595800
390, 156159421.556100
393, 156159438.329800
395, 156159445.825800
400, 156159472.824700
404, 156159489.616100
405, 156159497.347800
410, 156159521.653600
413, 156159538.384900
415, 156159547.507900
420, 156159571.628200
424, 156159589.960400
425, 156159597.492600
428, 156159611.046700
433, 156159639.479500
437, 156159656.482300
439, 156159664.842500
441, 156159677.845100
445, 156159695.944000
448, 156159712.358900
451, 156159728.994200
457, 156159756.123600
460, 156159772.789200
464, 156159789.546500
467, 156159806.429700
470, 156159822.856600
471, 156159829.340300
477, 156159856.378200
480, 156159872.921000
481, 156159879.323000
487, 156159906.265300
490, 156159923.871300
492, 156159931.646200
497, 156159956.300900
500, 156159972.919700
503, 156159988.323200
505, 156159996.121300
510, 156160023.050500
514, 156160039.791100
515, 156160047.380500
520, 156160071.670500
523, 156160089.235500
527, 156160105.125000
530, 156160122.686900
533, 156160138.328100
537, 156160156.668300
540, 156160172.824700
543, 156160188.257800
547, 156160206.263900
550, 156160222.862500
553, 156160238.215100
557, 156160256.436700
558, 156160264.019600
563, 156160288.392000
567, 156160306.580500
569, 156160315.396800
573, 156160338.265100
577, 156160356.453900
0, 156160364.614700
5, 156160388.304800
9, 156160406.421400
11, 156160415.003600
13, 156160428.964100
19, 156160455.105200
22, 156160471.648400
24, 156160480.194300
27, 156160496.289600
30, 156160512.620300
33, 156160528.844600
36, 156160540.645700
39, 156160557.425600
42, 156160574.073000
46, 156160589.683200
50, 156160612.786800
56, 156160639.579100
59, 156160656.902400
61, 156160664.790000
65, 156160688.220100
69, 156160705.162300
70, 156160713.700800
75, 156160738.294700
79, 156160756.120400
80, 156160763.055100
85, 156160789.296600
89, 156160806.539100
90, 156160814.083700
93, 156160827.583600
99, 156160855.066400
102, 156160871.545100
104, 156160879.561100
106, 156160894.378800
110, 156160912.490400
113, 156160928.995800
119, 156160954.939400
122, 156160972.717800
126, 156160989.571000
129, 156161006.271000
132, 156161022.893400
133, 156161029.197900
139, 156161056.455500
142, 156161073.133200
145, 156161089.529900
149, 156161106.595200
152, 156161122.581200
156, 156161139.552400
159, 156161155.450100
162, 156161172.764100
165, 156161188.232700
169, 156161206.109900
172, 156161221.595700
175, 156161239.256100
179, 156161255.118100
182, 156161272.862800
184, 156161280.515400
186, 156161294.431000
190, 156161312.619000
193, 156161328.719500
197, 156161346.716300
203, 156161374.804800
204, 156161383.927800
209, 156161405.252900
213, 156161428.996200
215, 156161439.267500
219, 156161455.080600
220, 156161463.294400
225, 156161488.127200
229, 156161506.726200
231, 156161515.223800
235, 156161538.453500
239, 156161555.267400
240, 156161563.182800
245, 156161588.427500
249, 156161605.572200
250, 156161614.392400
253, 156161627.788300
259, 156161656.481800
262, 156161672.900200
263, 156161679.314400
267, 156161695.704100
270, 156161713.162100
273, 156161729.444600
276, 156161740.547700
282, 156161771.519100
285, 156161788.593200
289, 156161805.155200
292, 156161823.007900
296, 156161839.675400
297, 156161847.383100
302, 156161872.920600
306, 156161889.772900
307, 156161896.260300
312, 156161922.886600
316, 156161939.767400
317, 156161946.066200
322, 156161971.930400
325, 156161989.235400
329, 156162006.739400
331, 156162014.528400
335, 156162038.425000
337, 156162046.251400
340, 156162061.691100
346, 156162089.745300
349, 156162107.132800
352, 156162122.779200
356, 156162140.151300
359, 156162156.416700
362, 156162172.929000
365, 156162188.229600
369, 156162205.264600
372, 156162222.716600
375, 156162239.332700
379, 156162255.929100
382, 156162273.076100
384, 156162280.450400
389, 156162305.312200
392, 156162321.690200
394, 156162330.589800
399, 156162356.587600
402, 156162372.959600
